{ "name":"", "message":""}{ "name":"Norm", "message":"what is this"}{ "name":"Normurod", "message":"Salom"}{ "name":"hhhhhhhh", "message":"djjjjjjjjjj"}{ "name":"fesfsef", "message":"fsfes"}{ "name":"", "message":"Salom"}{ "name":"", "message":"awdkjawbdhaw"}{ "name":"", "message":"","file":"call-deviation.png","type":"image/png"}{ "name":"", "message":"","file":"2175_2.jpg","type":"image/jpeg"}{ "name":"", "message":"","file":"3385_img_3219.jpg","type":"image/jpeg"}{ "name":"", "message":"","file":"3387_img_3230.jpg","type":"image/jpeg"}