{
	"missed":[
		{
			"caller":"Normurod",
			"picture":"none",
			"number":"+ 998 94 388 09 64",
			"time":"6/29/2016 15:28",
			"numberOfCalls":"5"
		},
		{
			"caller":"Somebody",
			"picture":"none",
			"number":"+ 998 91 300 09 09",
			"time":"6/29/2016 15:28",
			"numberOfCalls":"1"
		},
		{
			"caller":"Eshmat",
			"picture":"none",
			"number":"+ 998 94 388 88 88",
			"time":"6/29/2016 15:28",
			"numberOfCalls":"3"
		},
	],
	"received":[
		{
			"caller":"Normurod",
			"picture":"none",
			"number":"+ 998 94 388 09 64",
			"time":"6/29/2016 15:28",
			"numberOfCalls":"5"
		},
		{
			"caller":"Somebody",
			"picture":"none",
			"number":"+ 998 91 300 09 09",
			"time":"6/29/2016 15:28",
			"numberOfCalls":"1"
		},
		{
			"caller":"Eshmat",
			"picture":"none",
			"number":"+ 998 94 388 88 88",
			"time":"6/29/2016 15:28",
			"numberOfCalls":"3"
		},
	],
	"placed":[
		{
			"caller":"Normurod",
			"picture":"none",
			"number":"+ 998 94 388 09 64",
			"time":"6/29/2016 15:28",
			"numberOfCalls":"5"
		},
		{
			"caller":"Somebody",
			"picture":"none",
			"number":"+ 998 91 300 09 09",
			"time":"6/29/2016 15:28",
			"numberOfCalls":"1"
		},
		{
			"caller":"Eshmat",
			"picture":"none",
			"number":"+ 998 94 388 88 88",
			"time":"6/29/2016 15:28",
			"numberOfCalls":"3"
		},
	]
}